rmse,mae,r2,mape
0.3008790642441716,0.2018294367798548,0.005485075865900635,145.7912432881814
