metric,value
2024_actual_total,3480.0
2025_baseline_total,3659.87348598092
2025_forecast_total,4294.773068819591
growth_vs_2024,23.413019218953757
