metric,value
2024_actual_total,3480.0
2025_baseline_total,3432.517244261131
2025_forecast_total,4135.636712003439
growth_vs_2024,18.840135402397685
